Workbook

Sheet  Dataset &cf
A1: Customer_ID | B1: Customer_Name | C1: Region | D1: Product_Category | E1: Sales | F1: Quantity | G1: Discount | H1: Order_Date | I1: Month | J1: Profit | K1: New_Discount | L1: New_Profit
A2: CUST001 | B2: Linda Wilson | C2: West | D2: Electronics | E2: 1317.53 | F2: 12 | G2: 0.05 | H2: 45367 | I2: March | J2: =E2-(E2*G2) -> 1251.6535 | K2: 0.05 | L2: =E2-(E2*K2) -> 1251.6535
A3: CUST002 | B3: John Brown | C3: North | D3: Furniture | E3: 845.4 | F3: 5 | G3: 0.1 | H3: 45399 | I3: April | J3: =E3-(E3*G3) -> 760.86 | K3: 0.1 | L3: =E3-(E3*K3) -> 760.86
A4: CUST003 | B4: Sarah Anderson | C4: South | D4: Books | E4: 675.9 | F4: 9 | G4: 0.15 | H4: 45430 | I4: May | J4: =E4-(E4*G4) -> 574.515 | K4: =K3+0.05 -> 0.15 | L4: =E4-(E4*K4) -> 574.515
A5: CUST004 | B5: Emma Davis | C5: East | D5: Office Supplies | E5: 1540.25 | F5: 15 | G5: 0.05 | H5: 45463 | I5: June | J5: =E5-(E5*G5) -> 1463.2375 | K5: =K4+0.05 -> 0.2 | L5: =E5-(E5*K5) -> 1232.2
A6: CUST005 | B6: David Smith | C6: Central | D6: Electronics | E6: 980 | F6: 7 | G6: 0.2 | H6: 45495 | I6: July | J6: =E6-(E6*G6) -> 784 | K6: =K5+0.05 -> 0.25 | L6: =E6-(E6*K6) -> 735
A7: CUST006 | B7: Michael Anderson | C7: West | D7: Books | E7: 1205.6 | F7: 14 | G7: 0.1 | H7: 45528 | I7: August | J7: =E7-(E7*G7) -> 1085.04 | K7: =K6+0.05 -> 0.3 | L7: =E7-(E7*K7) -> 843.92
A8: CUST007 | B8: Mary Davis | C8: East | D8: Furniture | E8: 890.15 | F8: 8 | G8: 0.05 | H8: 45561 | I8: September | J8: =E8-(E8*G8) -> 845.6425 | K8: =K7+0.05 -> 0.35 | L8: =E8-(E8*K8) -> 578.5975
A9: CUST008 | B9: Robert Anderson | C9: South | D9: Clothing | E9: 760.3 | F9: 11 | G9: 0.15 | H9: 45593 | I9: October | J9: =E9-(E9*G9) -> 646.255 | K9: =K8+0.05 -> 0.4 | L9: =E9-(E9*K9) -> 456.18
A10: CUST009 | B10: James Taylor | C10: North | D10: Books | E10: 1455.2 | F10: 18 | G10: 0 | H10: 45597 | I10: November | J10: =E10-(E10*G10) -> 1455.2 | K10: =K9+0.05 -> 0.45 | L10: =E10-(E10*K10) -> 800.36
A11: CUST010 | B11: Lisa Thomas | C11: Central | D11: Office Supplies | E11: 1124.85 | F11: 10 | G11: 0.1 | H11: 45629 | I11: December | J11: =E11-(E11*G11) -> 1012.365 | K11: =K10+0.05 -> 0.5 | L11: =E11-(E11*K11) -> 562.425
A12: CUST011 | B12: David Brown | C12: West | D12: Electronics | E12: 1688.5 | F12: 20 | G12: 0.05 | H12: 45356 | I12: March | J12: =E12-(E12*G12) -> 1604.075 | K12: =K11+0.05 -> 0.55 | L12: =E12-(E12*K12) -> 759.825
A13: CUST012 | B13: Linda Jackson | C13: South | D13: Furniture | E13: 925.1 | F13: 6 | G13: 0.2 | H13: 45390 | I13: April | J13: =E13-(E13*G13) -> 740.08 | K13: =K12+0.05 -> 0.6 | L13: =E13-(E13*K13) -> 370.04
A14: CUST013 | B14: Emma Wilson | C14: East | D14: Books | E14: 540.95 | F14: 4 | G14: 0.05 | H14: 45422 | I14: May | J14: =E14-(E14*G14) -> 513.9025 | K14: =K13+0.05 -> 0.65 | L14: =E14-(E14*K14) -> 189.3325
A15: CUST014 | B15: James Wilson | C15: North | D15: Clothing | E15: 1378.4 | F15: 13 | G15: 0.15 | H15: 45455 | I15: June | J15: =E15-(E15*G15) -> 1171.64 | K15: =K14+0.05 -> 0.7 | L15: =E15-(E15*K15) -> 413.52
... A21: CUST020 | B21: Michael Brown | C21: Central | D21: Furniture | E21: 690.75 | F21: 7 | G21: 0.2 | H21: 45655 | I21: December | J21: =E21-(E21*G21) -> 552.6 | K21: =K20+0.05 -> 1 | L21: =E21-(E21*K21) -> 0

Sheet Summaary Output
B2: SUMMARY OUTPUT
B4: Regression Statistics
B5: Multiple R | C5: 0.98651174
B6: R Square | C6: 0.97320541
B7: Adjusted R Square | C7: 0.97171682
B8: Standard Error | C8: 60.428255
B9: Observations | C9: 20
B11: ANOVA
C12: df | D12: SS | E12: MS | F12: F | G12: Significance F
B13: Regression | C13: 1 | D13: 2387316.3 | E13: 2387316.3 | F13: 653.77734 | G13: 1.336599e-15
B14: Residual | C14: 18 | D14: 65728.332 | E14: 3651.574
B15: Total | C15: 19 | D15: 2453044.6
C17: Coefficients | D17: Standard Error | E17: t Stat | F17: P-value | G17: Lower 95% | H17: Upper 95% | I17: Lower 95.0% | J17: Upper 95.0%
B18: Intercept | C18: -86.990111 | D18: 45.293109 | E18: -1.9206036 | F18: 0.070767321 | G18: -182.1474 | H18: 8.1671808 | I18: -182.1474 | J18: 8.1671808
B19: Sales | C19: 0.98985215 | D19: 0.038712873 | E19: 25.56907 | F19: 1.336599e-15 | G19: 0.90851943 | H19: 1.0711849 | I19: 0.90851943 | J19: 1.0711849

Sheet Sales Analysis
F3: Sales Analysis
F5: Mean | G5: 1116.699
F6: Standard Error | G6: 80.074245
F7: Median | G7: 1070.325
F8: Mode | G8: #N/A
F9: Standard Deviation | G9: 358.10291
F10: Sample Variance | G10: 128237.69
F11: Kurtosis | G11: -0.95753347
F12: Skewness | G12: 0.27087272
F13: Range | G13: 1239.95
F14: Minimum | G14: 540.95
F15: Maximum | G15: 1780.9
F16: Sum | G16: 22333.98
F17: Count | G17: 20

Sheet Sales Growth Analysis
B3: Row Labels | C3: Sum of Sales | D3: Growth
B4: March | C4: 3006.03 | D4: =(C5-C4)/C4 -> -0.41101719
B5: April | C5: 1770.5 | D5: =(C6-C5)/C5 -> -0.31270827
B6: May | C6: 1216.85 | D6: =(C7-C6)/C6 -> 1.398529
B7: June | C7: 2918.65 | D7: =(C8-C7)/C7 -> -0.25662549
B8: July | C8: 2169.65 | D8: =(C9-C8)/C8 -> -0.061576752
B9: August | C9: 2036.05 | D9: =(C10-C9)/C9 -> -0.063898234
B10: September | C10: 1905.95 | D10: =(C11-C10)/C10 -> 0.18502584
B11: October | C11: 2258.6 | D11: =(C12-C11)/C11 -> 0.43279022
B12: November | C12: 3236.1 | D12: =(C13-C12)/C12 -> -0.4389543
B13: December | C13: 1815.6 | D13: =(C14-C13)/C13 -> 11.301157
B14: Grand Total | C14: 22333.98
C17: Timestamp | D17: Total Purchase | F17: High value Customer Name
C18: =NOW() -> 46202.503 | D18: =SUMIF(' Dataset &cf'!A2:A21,' Dataset &cf'!A14,' Dataset &cf'!E2:E21) -> 540.95 | F18: =INDEX(' Dataset &cf'!B2:B21,MATCH(MAX(' Dataset &cf'!J2:J21),' Dataset &cf'!J2:J21,0)) -> Sarah Wilson

Sheet Pivot Table
A3: Row Labels | B3: Sum of Sales
A4: Central | B4: 3985.25
A5: Electronics | B5: 2169.65
A6: Furniture | B6: 690.75
A7: Office Supplies | B7: 1124.85
A8: East | B8: 4469.65
A9: Books | B9: 540.95
A10: Furniture | B10: 890.15
A11: Office Supplies | B11: 3038.55
A12: North | B12: 5459.9
A13: Books | B13: 1455.2
A14: Clothing | B14: 1378.4
A15: Electronics | B15: 1780.9
... A25: Grand Total | B25: 22333.98

Sheet Chart
H2: Chart
L7: Row Labels | M7: Sum of Sales
L8: Mar | M8: 3006.03
L9: Apr | M9: 1770.5
L10: May | M10: 1216.85
L11: Jun | M11: 2918.65
L12: Jul | M12: 2169.65
L13: Aug | M13: 2036.05
L14: Sep | M14: 1905.95
L15: Oct | M15: 2258.6
L16: Nov | M16: 3236.1
L17: Dec | M17: 1815.6
L18: Grand Total | M18: 22333.98
D22: Row Labels | E22: Sum of Sales | R22: Row Labels | S22: Sum of Sales
D23: Central | E23: 3985.25 | R23: Books | S23: 4893.45
D24: East | E24: 4469.65 | R24: Clothing | S24: 2138.7
D25: North | E25: 5459.9 | R25: Electronics | S25: 6956.58
D26: South | E26: 3377.1 | R26: Furniture | S26: 4181.85
D27: West | E27: 5042.08 | R27: Office Supplies | S27: 4163.4
D28: Grand Total | E28: 22333.98 | R28: Grand Total | S28: 22333.98

Sheet Dashboard
B3: Sales Analyzer Dashboard
D7: Total Sales | G7: Total Profit | J7: Average Sales | M7: Total Orders | P7: Highest Sales | S7: Lowest Sales
D8: =SUM(' Dataset &cf'!E2:E21) -> 22333.98 | G8: =SUM(' Dataset &cf'!J2:J21) -> 20367.536 | J8: =AVERAGE(' Dataset &cf'!E2:E21) -> 1116.699 | M8: =COUNTA(' Dataset &cf'!A2:A21)-1 -> 19 | P8: =MAX(' Dataset &cf'!E2:E21) -> 1780.9 | S8: =MIN(' Dataset &cf'!E2:E21) -> 540.95
D11: Region Wise Sales (Bar Chart) | M11: Monthly Sales Trend (Line Chart)
H31: Monthly Sales Trend (Line Chart)
